{
  "Total" : {
    "transaction" : "Total",
    "sampleCount" : 373448,
    "errorCount" : 620,
    "errorPct" : 0.16602044,
    "meanResTime" : 48.41497611447913,
    "medianResTime" : 75.0,
    "minResTime" : 7.0,
    "maxResTime" : 334.0,
    "pct1ResTime" : 82.0,
    "pct2ResTime" : 84.0,
    "pct3ResTime" : 90.0,
    "throughput" : 1244.7063450533117,
    "receivedKBytesPerSec" : 35123.57099751191,
    "sentKBytesPerSec" : 165.31256145239294
  },
  "HTTP Request" : {
    "transaction" : "HTTP Request",
    "sampleCount" : 373448,
    "errorCount" : 620,
    "errorPct" : 0.16602044,
    "meanResTime" : 48.41497611447913,
    "medianResTime" : 75.0,
    "minResTime" : 7.0,
    "maxResTime" : 334.0,
    "pct1ResTime" : 82.0,
    "pct2ResTime" : 84.0,
    "pct3ResTime" : 90.0,
    "throughput" : 1244.7063450533117,
    "receivedKBytesPerSec" : 35123.57099751191,
    "sentKBytesPerSec" : 165.31256145239294
  }
}